feature,category,univ_bal_acc,mut_info,multivar_imp
stair_pos_last,stair position,0.6018,0.6601,0.0305
pressure_roll_10s_max_abs_pos,pressure,0.5928,0.6328,0.0008
pressure_roll_20s_max_up,pressure,0.589,0.7846,0.0051
pressure_roll_5s_max_abs_pos,pressure,0.5873,0.6072,0.0022
pressure_roll_20s_max_abs_pos,pressure,0.5864,0.6625,0.0349
stair_pos_p50,stair position,0.5792,0.6294,0.0335
pressure_slope_late_mean,pressure,0.5746,0.7806,0.0223
alt_rate_late_per_s,alt-rate (new),0.5616,0.8078,0.0021
stair_pos_p75,stair position,0.5594,0.5542,0.004
stair_pos_first,stair position,0.5527,0.6496,0.0015
pressure_slope_max_abs_pos,pressure,0.5452,0.4855,0.0009
stair_pos_p25,stair position,0.5445,0.6013,0.0006
pressure_roll_10s_max_up,pressure,0.5362,0.7484,0.0029
pressure_net_delta,pressure,0.4942,0.7709,0.0518
pressure_alt_gain,pressure,0.4942,0.7558,0.0178
prs_prog_50,pressure,0.4759,0.4568,0.1015
altitude_net_gain,altitude,0.4724,0.7349,0.056
prs_prog_70,pressure,0.4711,0.4687,0.0509
altitude_start,altitude,0.4609,0.5731,0.017
pressure_top10_frac,pressure,0.4536,0.5361,0.0078
prs_prog_80,pressure,0.4434,0.4536,0.0243
pressure_roll_5s_max_up,pressure,0.4384,0.5644,0.0003
alt_rate_early_vs_late_ratio,alt-rate (new),0.4327,0.3694,0.0024
pressure_slope_p95_abs,pressure,0.4283,0.3925,0.0002
pressure_deriv_p95,pressure,0.4283,0.4218,0.0
pressure_slope_early_mean,pressure,0.4271,0.6511,0.015
prs_prog_10,pressure,0.4227,0.523,0.0919
pressure_roll_20s_max_abs,pressure,0.4188,0.4205,0.1129
alt_rate_early_per_s,alt-rate (new),0.4082,0.5952,0.0093
pressure_slope_p90_abs,pressure,0.4079,0.3546,0.0
pressure_slope_late_p90_abs,pressure,0.4037,0.3289,0.001
pressure_slope_max_up,pressure,0.4032,0.4415,0.0002
heading_seq_7_cos,heading trajectory,0.4,0.2408,0.0007
pressure_roll_5s_max_down,pressure,0.3992,0.5042,0.0003
altitude_end,altitude,0.3971,0.6102,0.0192
prs_prog_20,pressure,0.3957,0.4058,0.003
pressure_roll_20s_max_down,pressure,0.3943,0.5147,0.0269
alt_prog_50,altitude,0.3938,0.3563,0.0277
pressure_reach_75_frac,pressure,0.3895,0.2485,0.0
pressure_roll_5s_max_abs,pressure,0.3895,0.3323,0.0001
alt_rate_total_per_s,alt-rate (new),0.3891,0.5172,0.0003
pressure_flat_frac,pressure,0.389,0.3256,0.0001
alt_rate_mid_per_s,alt-rate (new),0.3858,0.574,0.0155
pressure_slope_mean,pressure,0.3856,0.5417,0.0027
stair_frac,stair detection,0.3838,0.376,0.0
acc_stair_cadence,stair detection,0.3836,0.1885,0.0
alt_prog_75,altitude,0.3811,0.2109,0.0277
pressure_slope_p99_abs,pressure,0.3765,0.347,0.0
pressure_deriv_p99,pressure,0.3765,0.347,0.0
pressure_reach_25_frac,pressure,0.3765,0.2889,0.0002
pressure_reach_50_frac,pressure,0.3753,0.2755,0.0002
pressure_slope_std,pressure,0.3746,0.3413,0.0
prs_prog_90,pressure,0.3741,0.284,0.0013
heading_seq_0_sin,heading trajectory,0.3714,0.1901,0.0
pressure_slope_mid_p90_abs,pressure,0.3702,0.2834,0.0053
pressure_moderate_frac,pressure,0.3691,0.4008,0.0
acc_stair_gyro_std,stair detection,0.3608,0.1432,0.0017
heading_early_mode_frac,heading aggregate,0.3595,0.1839,0.0
prs_prog_60,pressure,0.357,0.32,0.0081
pressure_slope_late_mean_abs,pressure,0.3555,0.2487,0.0025
pressure_slope_max_down,pressure,0.3553,0.3759,0.0
prs_prog_30,pressure,0.354,0.3148,0.0
pressure_slope_mid_mean,pressure,0.3523,0.5546,0.0007
pressure_roll_10s_max_down,pressure,0.3469,0.5381,0.0003
pressure_roll_10s_max_abs,pressure,0.3457,0.3364,0.0001
pressure_reach_10_frac,pressure,0.3447,0.3843,0.0022
acc_stair_std,stair detection,0.3403,0.1624,0.0
pressure_reach_90_frac,pressure,0.339,0.2869,0.0088
prs_prog_40,pressure,0.3344,0.2105,0.0003
pressure_burst_ratio,pressure,0.3331,0.2887,0.0171
heading_hist_24,heading histogram,0.3283,0.1856,0.0009
heading_hist_19,heading histogram,0.3271,0.2415,0.0
heading_seq_5_cos,heading trajectory,0.3271,0.2065,0.0
acc_stair_mean,stair detection,0.3255,0.1014,0.0
heading_hist_33,heading histogram,0.3254,0.2042,0.0013
heading_seq_1_cos,heading trajectory,0.3213,0.1684,0.0022
heading_hist_34,heading histogram,0.3207,0.196,0.0005
heading_seq_1_sin,heading trajectory,0.3183,0.177,0.0025
heading_hist_0,heading histogram,0.3149,0.1503,0.0003
heading_seq_2_cos,heading trajectory,0.3137,0.1497,0.0003
stair_detected,stair detection,0.3093,0.0658,0.0
heading_seq_4_cos,heading trajectory,0.3082,0.1428,0.0005
heading_hist_22,heading histogram,0.3077,0.2343,0.0003
heading_seq_8_cos,heading trajectory,0.3072,0.1831,0.0059
heading_std,heading aggregate,0.3067,0.1421,0.0
heading_hist_20,heading histogram,0.3066,0.14,0.0101
heading_seq_0_cos,heading trajectory,0.3053,0.1016,0.0003
heading_hist_32,heading histogram,0.3039,0.2417,0.0002
heading_seq_5_sin,heading trajectory,0.3037,0.1486,0.0011
heading_seq_4_sin,heading trajectory,0.2994,0.1199,0.0008
acc_flat_std,accelerometer,0.2984,0.1053,0.0001
pressure_steep_frac,pressure,0.2944,0.1588,0.0
heading_seq_3_cos,heading trajectory,0.2944,0.1749,0.0
heading_seq_6_cos,heading trajectory,0.292,0.1146,0.0011
pressure_slope_early_mean_abs,pressure,0.2897,0.1943,0.0001
heading_hist_21,heading histogram,0.2896,0.1782,0.0
heading_late_mode_frac,heading aggregate,0.2884,0.2243,0.0005
heading_seq_9_cos,heading trajectory,0.2882,0.1961,0.0
heading_hist_17,heading histogram,0.288,0.1187,0.0
pressure_slope_early_p90_abs,pressure,0.2877,0.2272,0.0
heading_seq_7_sin,heading trajectory,0.2846,0.1384,0.015
heading_hist_23,heading histogram,0.2836,0.1644,0.0
heading_hist_15,heading histogram,0.2817,0.0751,0.0003
heading_hist_1,heading histogram,0.2781,0.0763,0.0
heading_hist_30,heading histogram,0.2755,0.1738,0.0021
alt_prog_25,altitude,0.2742,0.1428,0.0016
heading_seq_6_sin,heading trajectory,0.2741,0.125,0.0048
heading_hist_18,heading histogram,0.2736,0.134,0.0007
heading_mode,heading aggregate,0.2713,0.2006,0.0003
heading_hist_13,heading histogram,0.2708,0.0816,0.0
heading_mean,heading aggregate,0.2703,0.1367,0.0002
heading_hist_2,heading histogram,0.2678,0.0843,0.0003
heading_turnrate_0,heading trajectory,0.2652,0.106,0.0
heading_hist_25,heading histogram,0.2648,0.1002,0.0003
heading_hist_31,heading histogram,0.2638,0.2141,0.0024
heading_hist_26,heading histogram,0.2621,0.0247,0.0007
heading_num_modes,heading aggregate,0.2593,0.0396,0.0005
heading_last_turn_frac,heading aggregate,0.256,0.0266,0.0001
oof_proba_walking,activity proba (new),0.2552,0.0218,0.0018
heading_seq_2_sin,heading trajectory,0.2532,0.1164,0.007
heading_hist_16,heading histogram,0.2524,0.0162,0.0
heading_seq_9_sin,heading trajectory,0.2522,0.1312,0.0022
heading_hist_9,heading histogram,0.2495,0.0766,0.003
heading_hist_6,heading histogram,0.2487,0.0609,0.0003
heading_hist_11,heading histogram,0.2481,0.0369,0.0004
heading_turnrate_6,heading trajectory,0.2479,0.0754,0.0001
heading_hist_7,heading histogram,0.2456,0.0375,0.0001
heading_hist_8,heading histogram,0.2448,0.0155,0.0009
heading_hist_35,heading histogram,0.2426,0.1448,0.0
heading_hist_29,heading histogram,0.2423,0.0589,0.0001
heading_hist_14,heading histogram,0.2419,0.0563,0.0016
heading_hist_3,heading histogram,0.2395,0.125,0.0006
heading_seq_3_sin,heading trajectory,0.2394,0.0582,0.001
heading_hist_12,heading histogram,0.2385,0.0356,0.001
act_running,activity,0.236,0.0,0.0
heading_turnrate_1,heading trajectory,0.2346,0.0,0.0015
duration,context,0.2304,0.0154,0.0004
heading_entropy,heading aggregate,0.2291,0.0514,0.0019
heading_turnrate_5,heading trajectory,0.2287,0.0016,0.0
heading_turnrate_9,heading trajectory,0.2283,0.0757,0.0014
pressure_slope_mid_mean_abs,pressure,0.2275,0.0863,0.0
heading_first_turn_frac,heading aggregate,0.2266,0.0413,0.0
heading_turnrate_2,heading trajectory,0.2238,0.0567,0.0031
heading_turnrate_7,heading trajectory,0.2236,0.0575,0.0016
heading_seq_8_sin,heading trajectory,0.2236,0.0049,0.0004
altitude_range,altitude,0.2231,0.1288,0.0026
oof_proba_standing,activity proba (new),0.2219,0.0,0.0001
alt_rate_max_third_abs_per_s,alt-rate (new),0.2208,0.074,0.0002
act_only_cycling,activity,0.2198,0.0,0.0088
heading_turnrate_4,heading trajectory,0.2178,0.0,0.0028
heading_change_rate,heading aggregate,0.2156,0.0208,0.0008
heading_total_change,heading aggregate,0.2156,0.0208,0.0013
heading_circular_std,heading aggregate,0.2153,0.0419,0.0003
heading_seq_start_vs_end,heading trajectory,0.2121,0.0,0.002
heading_longest_straight_frac,heading aggregate,0.2117,0.0,0.0011
alt_rate_abs_per_s,alt-rate (new),0.2116,0.0,0.0
heading_hist_4,heading histogram,0.2091,0.0713,0.0001
heading_hist_5,heading histogram,0.2089,0.0127,0.0001
pressure_start,pressure,0.2076,0.1117,0.0003
heading_turns_45,heading aggregate,0.2062,0.0734,0.0
heading_turns_90,heading aggregate,0.2052,0.0308,0.0001
act_walking,activity,0.2018,0.0,0.0
heading_hist_28,heading histogram,0.2004,0.0419,0.0
heading_hist_27,heading histogram,0.1998,0.0,0.0
heading_turnrate_3,heading trajectory,0.1995,0.0631,0.0006
heading_seq_mean_jump,heading trajectory,0.1982,0.0,0.0004
heading_seq_max_jump,heading trajectory,0.1971,0.0078,0.0027
watch_loc,context,0.1964,0.0327,0.0
act_cycling,activity,0.193,0.0109,0.0
pressure_slope_mean_abs,pressure,0.1878,0.0167,0.0
act_standing,activity,0.1842,0.0,0.0
heading_turnrate_8,heading trajectory,0.1836,0.0,0.0017
oof_proba_running,activity proba (new),0.181,0.0,0.0005
acc_stair_walk_ratio,stair detection,0.1709,0.0,0.0072
heading_hist_10,heading histogram,0.1664,0.0113,0.0018
oof_proba_cycling,activity proba (new),0.1654,0.0753,0.0006
